{
    "('ADX', 'TY')": 0.8539380327563971,
    "('ED', 'SO')": 0.7630684874944207,
    "('AEG', 'ING')": 0.7714520075739352,
    "('GOLD', 'NEM')": 0.8219942738925278,
    "('AVB', 'EQR')": 0.879395970763555,
    "('AMAT', 'KLAC')": 0.8120695737012464,
    "('APA', 'DVN')": 0.7797792476877008,
    "('ARW', 'AVT')": 0.7573572809697451,
    "('CMA', 'TFC')": 0.8089975731028234,
    "('GFI', 'HMY')": 0.7721582569255595,
    "('BAC', 'WFC')": 0.8033690173291778,
    "('BBVA', 'SAN')": 0.8696850472212162,
    "('HIW', 'KRC')": 0.8127703503053662,
    "('BEN', 'TROW')": 0.7533682238215742,
    "('BK', 'NTRS')": 0.7853258913226913,
    "('HAL', 'SLB')": 0.7707796186167691,
    "('BMO', 'RY')": 0.8112242039378242,
    "('E', 'TOT')": 0.8145755191770804,
    "('BXP', 'VNO')": 0.8658210794631465,
    "('CCL', 'RCL')": 0.7796060552389763,
    "('CM', 'TD')": 0.7955914189601664,
    "('CVX', 'XOM')": 0.8257217084673482,
    "('CPT', 'UDR')": 0.8316230793128876,
    "('CSX', 'NSC')": 0.7742776736629656,
    "('CUZ', 'WRE')": 0.7571898765118471,
    "('DHI', 'LEN')": 0.8014581762215895,
    "('DRE', 'PLD')": 0.8245693361216795,
    "('ELS', 'MAA')": 0.7659284003867947,
    "('FITB', 'RF')": 0.7801984039071111,
    "('FULT', 'VLY')": 0.7611300266320306,
    "('GAM', 'USA')": 0.7820430034018234,
    "('MRO', 'MUR')": 0.772800808764896,
    "('HP', 'PTEN')": 0.7833012137949702,
    "('HQH', 'HQL')": 0.8482150255524407,
    "('PEAK', 'WELL')": 0.7897036211143442,
    "('IAC', 'MTCH')": 0.9674580758015782,
    "('IFN', 'IIF')": 0.8533504833267727,
    "('PNC', 'USB')": 0.7643275018403539,
    "('KBH', 'PHM')": 0.8162174604432753,
    "('KIM', 'WRI')": 0.8623789654330055,
    "('LSI', 'PSA')": 0.7547237663505221,
    "('NNN', 'O')": 0.8132656275094473,
    "('RMT', 'RVT')": 0.7862653645997316,
    "('FRT', 'REG')": 0.849187443595806,
    "('TDS', 'USM')": 0.7688911246354361,
    "('ASA', 'AU')": 0.7503743272154123,
    "('COP', 'PEO')": 0.7727677803175971,
    "('HES', 'OXY')": 0.7534678142185177,
    "('MAC', 'SPG')": 0.7770364230826251
}