{
    "('ADX', 'TY')": 0.853938041834032,
    "('ED', 'SO')": 0.7630684994843583,
    "('AEG', 'ING')": 0.7714520036919487,
    "('GOLD', 'NEM')": 0.8219942702537909,
    "('AVB', 'EQR')": 0.8793959812778221,
    "('AMAT', 'KLAC')": 0.8120695844768887,
    "('APA', 'DVN')": 0.7797792484401138,
    "('ARW', 'AVT')": 0.7573572791543869,
    "('CMA', 'TFC')": 0.8089975734507149,
    "('GFI', 'HMY')": 0.7721582544936532,
    "('BAC', 'WFC')": 0.8033690173669585,
    "('BBVA', 'SAN')": 0.8696850470469416,
    "('HIW', 'KRC')": 0.8127703586697915,
    "('BEN', 'TROW')": 0.7533682263460231,
    "('BK', 'NTRS')": 0.7853258900728711,
    "('HAL', 'SLB')": 0.7707796197283248,
    "('BMO', 'RY')": 0.8112242300303579,
    "('E', 'TOT')": 0.8145755214453303,
    "('BXP', 'VNO')": 0.8658210823728937,
    "('CCL', 'RCL')": 0.7796060510803956,
    "('CM', 'TD')": 0.7955914439701682,
    "('CVX', 'XOM')": 0.8257217118360992,
    "('CPT', 'UDR')": 0.8316230952071983,
    "('CSX', 'NSC')": 0.7742776958878398,
    "('CUZ', 'WRE')": 0.7571898754103825,
    "('DHI', 'LEN')": 0.8014581824672958,
    "('DRE', 'PLD')": 0.8245693410742715,
    "('ELS', 'MAA')": 0.765928437310408,
    "('FITB', 'RF')": 0.7801984040030708,
    "('FULT', 'VLY')": 0.7611300303286185,
    "('GAM', 'USA')": 0.7820430194637051,
    "('MRO', 'MUR')": 0.772800809844038,
    "('HP', 'PTEN')": 0.7833012162253351,
    "('HQH', 'HQL')": 0.8482150467490883,
    "('PEAK', 'WELL')": 0.7897036350226729,
    "('IAC', 'MTCH')": 0.9674580798451038,
    "('IFN', 'IIF')": 0.853350499511345,
    "('PNC', 'USB')": 0.7643275068331293,
    "('KBH', 'PHM')": 0.816217461554839,
    "('KIM', 'WRI')": 0.8623789688248248,
    "('LSI', 'PSA')": 0.7547238022637686,
    "('NNN', 'O')": 0.8132656500270542,
    "('RMT', 'RVT')": 0.786265392525183,
    "('FRT', 'REG')": 0.8491874510864948,
    "('TDS', 'USM')": 0.7688911242803368,
    "('ASA', 'AU')": 0.7503743210034047,
    "('COP', 'PEO')": 0.7727677866092473,
    "('HES', 'OXY')": 0.7534678208087207,
    "('MAC', 'SPG')": 0.7770364114261185
}